pdb id,DG esm WT,DDG esm WT,DG esm Design,DDG esm Design,generated_at
1A32,,,,,2025-09-08T14:15:10.376269Z
1AOY,21.301525115966797,2.0004121803561685,24.79928970336914,1.7288937832501574,2025-09-08T14:15:10.376269Z
1ENH,,,,,2025-09-08T14:15:10.376269Z
1F0M,,,,,2025-09-08T14:15:10.376269Z
1GJS,,,,,2025-09-08T14:15:10.376269Z
1GL5,,,,,2025-09-08T14:15:10.376269Z
1GYZ,,,,,2025-09-08T14:15:10.376269Z
1H92,,,,,2025-09-08T14:15:10.376269Z
1I2T,,,,,2025-09-08T14:15:10.376269Z
1JIC,27.74348258972168,0.6925332064539548,25.522571563720703,0.986830364868475,2025-09-08T14:15:10.376269Z
1LP1,,,,,2025-09-08T14:15:10.376269Z
1O6X,32.85361862182617,0.676064344409846,32.85689163208008,0.636779082448859,2025-09-08T14:15:10.376269Z
1ORC,,,,,2025-09-08T14:15:10.376269Z
1PSE,19.559173583984375,3.103111275819128,35.13674545288086,0.5422674552981496,2025-09-08T14:15:10.376269Z
1PWT,,,,,2025-09-08T14:15:10.376269Z
1QKH,,,,,2025-09-08T14:15:10.376269Z
1QKX,,,,,2025-09-08T14:15:10.376269Z
1QLY,,,,,2025-09-08T14:15:10.376269Z
1QP2,,,,,2025-09-08T14:15:10.376269Z
1R69,17.246227264404297,2.6674751163823665,24.894451141357422,1.726673806619923,2025-09-08T14:15:10.376269Z
1SRM,,,,,2025-09-08T14:15:10.376269Z
1TG0,20.39105796813965,1.6144600644636382,20.208385467529297,1.5236892958767296,2025-09-08T14:15:10.376269Z
1TUC,,,,,2025-09-08T14:15:10.376269Z
1TUD,,,,,2025-09-08T14:15:10.376269Z
1UFM,,,,,2025-09-08T14:15:10.376269Z
1UZC,,,,,2025-09-08T14:15:10.376269Z
1V1C,25.013092041015625,1.0203420414644129,23.69028091430664,0.9783081447376925,2025-09-08T14:15:10.376269Z
1WCL,,,,,2025-09-08T14:15:10.376269Z
1Y0M,,,,,2025-09-08T14:15:10.376269Z
1YP5,16.368009567260742,1.6424015983263074,17.543603897094727,1.5409196690941895,2025-09-08T14:15:10.376269Z
1YU5,,,,,2025-09-08T14:15:10.376269Z
1ZHC,,,,,2025-09-08T14:15:10.376269Z
1ZLM,,,,,2025-09-08T14:15:10.376269Z
2AMI,9.909156799316406,3.8825919816368506,20.26001739501953,2.993429450777429,2025-09-08T14:15:10.376269Z
2B88,26.524372100830078,0.575302388836814,25.61471939086914,0.672284981300091,2025-09-08T14:15:10.376269Z
2BTT,,,,,2025-09-08T14:15:10.376269Z
2CDT,,,,,2025-09-08T14:15:10.376269Z
2CJJ,,,,,2025-09-08T14:15:10.376269Z
2D1U,39.865440368652344,1.0636295210494686,42.69769287109375,1.18167623720671,2025-09-08T14:15:10.376269Z
2HBB,16.87537384033203,1.4622528688334335,16.342876434326172,1.210371596156259,2025-09-08T14:15:10.376269Z
2JN4,14.04195499420166,2.7329038744718073,18.443485260009766,2.20611106531852,2025-09-08T14:15:10.376269Z
2JT1,22.3446044921875,1.305962974712352,21.030418395996094,1.4792543613442322,2025-09-08T14:15:10.376269Z
2JTV,,,,,2025-09-08T14:15:10.376269Z
2JVD,12.57906723022461,2.4816263276234007,22.485557556152344,0.9986139347678736,2025-09-08T14:15:10.376269Z
2JVG,,,,,2025-09-08T14:15:10.376269Z
2JWS,24.095050811767578,0.5447908953616494,21.169532775878906,0.8056850451275819,2025-09-08T14:15:10.376269Z
2JWT,,,,,2025-09-08T14:15:10.376269Z
2JZ2,15.590917587280273,2.4325277641819616,18.773609161376953,1.857793846769196,2025-09-08T14:15:10.376269Z
2K1B,,,,,2025-09-08T14:15:10.376269Z
2K28,6.772801876068115,4.1162305187760735,10.275555610656738,3.1463584188829388,2025-09-08T14:15:10.376269Z
2K2A,,,,,2025-09-08T14:15:10.376269Z
2K5N,13.190217971801758,2.7568084932492773,20.892471313476562,2.450193888771415,2025-09-08T14:15:10.376269Z
2K5P,15.741289138793945,3.0250020149426584,21.491600036621094,2.33317176082678,2025-09-08T14:15:10.376269Z
2KCM,19.730628967285156,1.7669991660084188,21.798465728759766,1.603200418681203,2025-09-08T14:15:10.376269Z
2KFV,,,,,2025-09-08T14:15:10.376269Z
2KGT,20.538806915283203,1.7258553030895212,28.323942184448242,0.9504696416576006,2025-09-08T14:15:10.376269Z
2KR3,17.202634811401367,1.715683278822361,23.124122619628906,1.1987273280781912,2025-09-08T14:15:10.376269Z
2KRU,24.40973663330078,0.9796096862308563,22.075462341308594,1.1520304253625193,2025-09-08T14:15:10.376269Z
2KVT,,,,,2025-09-08T14:15:10.376269Z
2KWH,,,,,2025-09-08T14:15:10.376269Z
2KZJ,30.015918731689453,0.14158272267253344,26.005374908447266,0.5555517920132341,2025-09-08T14:15:10.376269Z
2L09,15.713394165039062,2.4148855776050095,21.48867416381836,1.5822933517611493,2025-09-08T14:15:10.376269Z
2L2D,,,,,2025-09-08T14:15:10.376269Z
2L2P,,,,,2025-09-08T14:15:10.376269Z
2L6Q,20.068737030029297,1.1683641103410964,20.29151153564453,0.8411833725882305,2025-09-08T14:15:10.376269Z
2L7F,,,,,2025-09-08T14:15:10.376269Z
2L7M,,,,,2025-09-08T14:15:10.376269Z
2L9R,11.488022804260254,4.5648556337567525,13.17121696472168,3.302767352781434,2025-09-08T14:15:10.376269Z
2LC2,,,,,2025-09-08T14:15:10.376269Z
2LGW,,,,,2025-09-08T14:15:10.376269Z
2LHR,,,,,2025-09-08T14:15:10.376269Z
2LJ3,13.650137901306152,1.9151969919382819,17.975751876831055,1.3465640322259407,2025-09-08T14:15:10.376269Z
2LO1,,,,,2025-09-08T14:15:10.376269Z
2LP5,12.56118392944336,2.507736245188513,19.369230270385742,1.9371995781278313,2025-09-08T14:15:10.376269Z
2LQK,30.282413482666016,0.9496803082917866,29.036724090576172,1.0957947164549864,2025-09-08T14:15:10.376269Z
2LVN,,,,,2025-09-08T14:15:10.376269Z
2LYQ,,,,,2025-09-08T14:15:10.376269Z
2LYR,12.384380340576172,3.37282715497785,21.456966400146484,2.928979825745359,2025-09-08T14:15:10.376269Z
2M0C,7.503925323486328,6.3807420897902105,7.397594451904297,6.086978417112117,2025-09-08T14:15:10.376269Z
2M0Y,22.840126037597656,1.770241231362138,27.921844482421875,1.3859355242798372,2025-09-08T14:15:10.376269Z
2M2J,,,,,2025-09-08T14:15:10.376269Z
2M2L,15.270858764648438,1.795988635762133,21.559240341186523,1.5950282427240148,2025-09-08T14:15:10.376269Z
2M6Y,,,,,2025-09-08T14:15:10.376269Z
2M8E,16.38166046142578,1.5603568049789245,22.90345001220703,0.9342030149197424,2025-09-08T14:15:10.376269Z
2M8U,31.95977020263672,1.4235550782000945,33.92998504638672,1.3080733215165155,2025-09-08T14:15:10.376269Z
2MA4,,,,,2025-09-08T14:15:10.376269Z
2MC5,29.188644409179688,0.5592648355584395,29.532032012939453,0.6849774344842384,2025-09-08T14:15:10.376269Z
2MCK,,,,,2025-09-08T14:15:10.376269Z
2MI6,4.890054702758789,5.186999212096624,20.525705337524414,3.1645172909281656,2025-09-08T14:15:10.376269Z
2MKY,,,,,2025-09-08T14:15:10.376269Z
2MXD,,,,,2025-09-08T14:15:10.376269Z
2MYX,,,,,2025-09-08T14:15:10.376269Z
2N88,,,,,2025-09-08T14:15:10.376269Z
2O2W,,,,,2025-09-08T14:15:10.376269Z
2OCH,,,,,2025-09-08T14:15:10.376269Z
2QFF,,,,,2025-09-08T14:15:10.376269Z
2RJV,,,,,2025-09-08T14:15:10.376269Z
2RRT,18.5411319732666,4.083597135125545,21.09166145324707,3.038215782210144,2025-09-08T14:15:10.376269Z
2RRU,11.70088005065918,3.735350300089013,14.21142578125,2.910459314817942,2025-09-08T14:15:10.376269Z
2RU9,,,,,2025-09-08T14:15:10.376269Z
2WNM,,,,,2025-09-08T14:15:10.376269Z
2WQG,19.893447875976562,1.5102293921944034,25.755207061767578,0.4663866356061339,2025-09-08T14:15:10.376269Z
3CQT,15.627923965454102,2.221490006697805,17.077638626098633,1.9043981219809198,2025-09-08T14:15:10.376269Z
3DKM,,,,,2025-09-08T14:15:10.376269Z
3I35,,,,,2025-09-08T14:15:10.376269Z
3L1X,,,,,2025-09-08T14:15:10.376269Z
3MYC,,,,,2025-09-08T14:15:10.376269Z
3ZGK,,,,,2025-09-08T14:15:10.376269Z
4C26,,,,,2025-09-08T14:15:10.376269Z
4G3O,,,,,2025-09-08T14:15:10.376269Z
4HCK,,,,,2025-09-08T14:15:10.376269Z
5JRT,,,,,2025-09-08T14:15:10.376269Z
5KPH,,,,,2025-09-08T14:15:10.376269Z
5LXJ,,,,,2025-09-08T14:15:10.376269Z
5OAO,,,,,2025-09-08T14:15:10.376269Z
5UBS,11.875297546386719,1.4420071544503807,15.613422393798828,0.9712230200158026,2025-09-08T14:15:10.376269Z
5UCE,,,,,2025-09-08T14:15:10.376269Z
5UP5,,,,,2025-09-08T14:15:10.376269Z
5UYO,,,,,2025-09-08T14:15:10.376269Z
5VNT,,,,,2025-09-08T14:15:10.376269Z
5Z2S,,,,,2025-09-08T14:15:10.376269Z
6ACV,30.991802215576172,1.3501951550512763,29.927490234375,1.52186077149621,2025-09-08T14:15:10.376269Z
6EWS,24.440025329589844,0.534801473593652,23.287914276123047,0.6222533590114405,2025-09-08T14:15:10.376269Z
6EWT,19.913818359375,1.0267332931933055,22.07842254638672,0.8516168934380057,2025-09-08T14:15:10.376269Z
6EWU,24.86635971069336,0.7623848688034784,26.819393157958984,0.5338958877270283,2025-09-08T14:15:10.376269Z
6FVC,12.010759353637695,4.887959430876531,29.81783676147461,1.9401826733037044,2025-09-08T14:15:10.376269Z
6M3N,,,,,2025-09-08T14:15:10.376269Z
6NMW,,,,,2025-09-08T14:15:10.376269Z
6SCW,13.650137901306152,1.9151969919382819,20.935638427734375,1.2261395462502445,2025-09-08T14:15:10.376269Z
6SOW,23.28581428527832,1.0251827188066043,22.592119216918945,1.0770579492115497,2025-09-08T14:15:10.376269Z
6YSE,16.497459411621094,0.9061520901642893,19.722667694091797,0.5093904490874616,2025-09-08T14:15:10.376269Z
7BPM,,,,,2025-09-08T14:15:10.376269Z
7JJK,,,,,2025-09-08T14:15:10.376269Z
